sct;year;capitaux_propres;passifs_non_courant;total_bilan;stock;creance_client;actif_immobilier;resultat_net;chiffre_d_affaires
AB SCIENCE;12.17;10735.0;20381.0;50600.0;159.0;449.0;1910.0;-27122.0;1739.0
AB SCIENCE;12.18;-14962.0;17535.0;22491.0;153.0;236.0;1725.0;-26061.0;1701.0
AB SCIENCE;12.19;-26829.0;24226.0;17740.0;230.0;197.0;1610.0;-21747.0;1571.0
ABC ARBITRAGE;12.17;148867.0;0.0;153935.0;159.0;7217.0;1386.0;18309.0;0.0
ABC ARBITRAGE;12.18;146291.0;0.0;151983.0;153.0;8169.0;1161.0;19679.0;0.0
ABC ARBITRAGE;12.19;139902.0;2242.0;146354.0;230.0;6323.0;3046.0;18339.0;0.0
ACCOR;12.17;5826000.0;2768000.0;12076000.0;8000.0;403000.0;2964000.0;481000.0;1937000.0
ACCOR;12.18;6443000.0;2760000.0;12975000.0;15000.0;617000.0;4236000.0;2284000.0;3282000.0
ACCOR;12.19;6978000.0;3281000.0;13904000.0;20000.0;649000.0;3681000.0;485000.0;4049000.0
ACTIA GROUP;12.17;127451.0;97559.0;429273.0;108898.0;125065.0;80927.0;8510.0;433320.0
ACTIA GROUP;12.18;132817.0;79053.0;515870.0;136051.0;150262.0;111095.0;9194.0;476520.0
ACTIA GROUP;12.19;140388.0;133904.0;566791.0;161135.0;140223.0;144750.0;8724.0;520411.0
ADOCIA;12.17;36857.0;5781.0;53761.0;99.0;30.0;9045.0;-8550.0;19469.0
ADOCIA;12.18;45848.0;4892.0;70043.0;132.0;3.0;8846.0;7615.0;47389.0
ADOCIA;12.19;28040.0;18518.0;61953.0;181.0;360.0;9605.0;-18603.0;2143.0
ADP;12.17;5434000.0;5271000.0;14276000.0;33000.0;641000.0;9469000.0;614000.0;3617000.0
ADP;12.18;5801000.0;5909000.0;16067000.0;38000.0;637000.0;10633000.0;695000.0;4007000.0
ADP;12.19;6007000.0;6011000.0;16793000.0;94000.0;612000.0;11044000.0;637000.0;4700000.0
AFFINE;12.17;303527.0;230799.0;706312.0;33000.0;10683.0;998.0;-10969.0;3617000.0
AFFINE;12.18;291728.0;221420.0;623609.0;38000.0;12527.0;1808.0;440.0;4007000.0
AFFINE;12.19;285036.0;223030.0;610160.0;94000.0;12077.0;856.0;5456.0;4700000.0
AIR FRANCE-KLM;12.17;2420000.0;9859000.0;29963000.0;557000.0;2164000.0;12176000.0;163000.0;25864000.0
AIR FRANCE-KLM;12.18;1865000.0;9279000.0;29057000.0;633000.0;2191000.0;12864000.0;411000.0;26512000.0
AIR FRANCE-KLM;12.19;2299000.0;9420000.0;30735000.0;737000.0;2164000.0;14219000.0;293000.0;27188000.0
AIR LIQUIDE;12.17;16718400.0;12522400.0;41027300.0;1333700.0;2900000.0;20137000.0;2291600.0;20349300.0
AIR LIQUIDE;12.18;18207400.0;11709600.0;41980600.0;1460100.0;2500400.0;20847400.0;2207400.0;21011100.0
AIR LIQUIDE;12.19;19324400.0;12655000.0;43666500.0;1531500.0;2477900.0;21410300.0;2337600.0;21920100.0
AIRBUS;12.17;13351000.0;8984000.0;113937000.0;28156000.0;8358000.0;19099000.0;2877000.0;66767000.0
AIRBUS;12.18;9719000.0;7463000.0;115198000.0;28310000.0;6078000.0;20460000.0;3011000.0;63707000.0
AIRBUS;12.19;5990000.0;8189000.0;114409000.0;31550000.0;6841000.0;20866000.0;-1325000.0;70478000.0
AKKA TECHNOLOGIES;12.17;266258.0;516022.0;1296693.0;6209.0;232582.0;100295.0;44064.0;1334388.0
AKKA TECHNOLOGIES;12.18;258673.0;479860.0;1256289.0;12716.0;261908.0;111150.0;53059.0;1505326.0
AKKA TECHNOLOGIES;12.19;478237.0;591128.0;1605299.0;9502.0;224806.0;116675.0;73270.0;1801486.0
AKWEL;12.17;362149.0;90377.0;679832.0;98924.0;155582.0;202665.0;86292.0;963637.0
AKWEL;12.18;409448.0;86586.0;754861.0;125397.0;174723.0;245858.0;84970.0;1024225.0
AKWEL;12.19;454032.0;86409.0;806927.0;136617.0;183303.0;284929.0;61796.0;1062170.0
ALBIOMA;12.17;467281.0;647700.0;1418512.0;54547.0;44533.0;1140505.0;44271.0;399148.0
ALBIOMA;12.18;492782.0;722240.0;1600614.0;62237.0;74488.0;1263071.0;53553.0;428311.0
ALBIOMA;12.19;520514.0;794839.0;1759113.0;55015.0;59290.0;1354173.0;54183.0;505676.0
ALD;12.17;3398200.0;9943300.0;21222200.0;254800.0;1438000.0;16464900.0;573200.0;8266400.0
ALD;12.18;3667900.0;12418200.0;23254300.0;264200.0;1584200.0;18572500.0;562200.0;8972100.0
ALD;12.19;4028800.0;12613300.0;25587900.0;371600.0;1734700.0;20626700.0;571000.0;9777600.0
ALSTOM;12.17;3713000.0;1595000.0;14361000.0;3750000.0;1693000.0;1144000.0;303000.0;7306000.0
ALSTOM;12.18;3430000.0;1164000.0;13246000.0;1440000.0;1772000.0;1270000.0;374000.0;7346000.0
ALSTOM;12.19;4159000.0;286000.0;13410000.0;1533000.0;1661000.0;1423000.0;693000.0;8072000.0
ALTAMIR;12.17;786650.0;0.0;923028.0;3750000.0;0.0;0.0;20889.0;0.0
ALTAMIR;12.18;792929.0;0.0;1024576.0;1440000.0;0.0;0.0;30306.0;0.0
ALTAMIR;12.19;1013220.0;0.0;1173407.0;1533000.0;0.0;0.0;245056.0;0.0
ALTAREA;12.17;3164700.0;2858300.0;8592800.0;3750000.0;237100.0;121600.0;476100.0;0.0
ALTAREA;12.18;3237300.0;2593200.0;8027100.0;1440000.0;573200.0;140000.0;287700.0;0.0
ALTAREA;12.19;3335500.0;2745200.0;9087900.0;1533000.0;861700.0;143000.0;235500.0;0.0
ALTEN;12.17;834232.0;8063.0;1418313.0;24.0;647287.0;35601.0;148320.0;1975400.0
ALTEN;12.18;972434.0;7246.0;1661581.0;0.0;760783.0;37970.0;160608.0;2269885.0
ALTEN;12.19;1113327.0;137239.0;2050138.0;0.0;860623.0;40019.0;163568.0;2623990.0
ANF IMMOBILIER;12.17;494484.0;574762.0;1134391.0;24.0;4559.0;1360.0;-20288.0;1975400.0
ANF IMMOBILIER;12.18;528905.0;549314.0;1150078.0;0.0;3481.0;4771.0;33241.0;2269885.0
ANF IMMOBILIER;12.19;520122.0;533495.0;1127053.0;0.0;5158.0;4156.0;9848.0;2623990.0
APRIL;12.17;614800.0;6500.0;1692500.0;0.0;226700.0;76262.0;19800.0;861200.0
APRIL;12.18;632116.0;37482.0;1736319.0;0.0;247264.0;79241.0;40220.0;928418.0
APRIL;12.19;617092.0;51876.0;1810781.0;0.0;265878.0;91372.0;29702.0;997238.0
APRR (AUTOROUTES PRR);12.17;121900.0;6612200.0;8171200.0;8500.0;78000.0;7473600.0;332900.0;1833700.0
APRR (AUTOROUTES PRR);12.18;220600.0;6278800.0;7940400.0;8300.0;84500.0;7459000.0;349400.0;2197900.0
APRR (AUTOROUTES PRR);12.19;336200.0;6025700.0;7900800.0;7900.0;94200.0;7455600.0;418900.0;2241500.0
ARCHOS;12.17;40417.0;10735.0;97499.0;41086.0;26122.0;2059.0;-6498.0;114121.0
ARCHOS;12.18;22382.0;10750.0;69856.0;26663.0;18336.0;2874.0;-22994.0;63253.0
ARCHOS;12.19;-9859.0;11354.0;30317.0;3400.0;11532.0;656.0;-36472.0;35380.0
AREVA;12.17;5556000.0;5564000.0;31255000.0;2608000.0;2130000.0;10699000.0;-74000.0;9342000.0
AREVA;12.18;5081000.0;5659000.0;32090000.0;2331000.0;2067000.0;11372000.0;-423000.0;9240000.0
AREVA;12.19;-245000.0;6870000.0;29920000.0;2020000.0;2079000.0;10986000.0;-4845000.0;8336000.0
ARGAN;12.17;517683.0;740511.0;1421513.0;2608000.0;23241.0;10366.0;91682.0;9342000.0
ARGAN;12.18;653477.0;755084.0;1532546.0;2331000.0;17309.0;12175.0;144525.0;9240000.0
ARGAN;12.19;1238726.0;893582.0;2946449.0;2020000.0;40642.0;11805.0;215036.0;8336000.0
ARKEMA;12.17;4474000.0;2250000.0;9576000.0;1145000.0;1115000.0;3645000.0;581000.0;8326000.0
ARKEMA;12.18;5028000.0;2246000.0;10111000.0;1136000.0;1247000.0;3886000.0;715000.0;8816000.0
ARKEMA;12.19;5324000.0;2377000.0;10977000.0;1014000.0;1204000.0;4501000.0;551000.0;8738000.0
AB SCIENCE;12.17;10735.0;20381.0;50600.0;159.0;449.0;1910.0;-27122.0;1739.0
AB SCIENCE;12.18;-14962.0;17535.0;22491.0;153.0;236.0;1725.0;-26061.0;1701.0
AB SCIENCE;12.19;-26829.0;24226.0;17740.0;230.0;197.0;1610.0;-21747.0;1571.0
ABC ARBITRAGE;12.17;148867.0;0.0;153935.0;159.0;7217.0;1386.0;18309.0;0.0
ABC ARBITRAGE;12.18;146291.0;0.0;151983.0;153.0;8169.0;1161.0;19679.0;0.0
ABC ARBITRAGE;12.19;139902.0;2242.0;146354.0;230.0;6323.0;3046.0;18339.0;0.0
ACCOR;12.17;5826000.0;2768000.0;12076000.0;8000.0;403000.0;2964000.0;481000.0;1937000.0
ACCOR;12.18;6443000.0;2760000.0;12975000.0;15000.0;617000.0;4236000.0;2284000.0;3282000.0
ACCOR;12.19;6978000.0;3281000.0;13904000.0;20000.0;649000.0;3681000.0;485000.0;4049000.0
ACTIA GROUP;12.17;127451.0;97559.0;429273.0;108898.0;125065.0;80927.0;8510.0;433320.0
ACTIA GROUP;12.18;132817.0;79053.0;515870.0;136051.0;150262.0;111095.0;9194.0;476520.0
ACTIA GROUP;12.19;140388.0;133904.0;566791.0;161135.0;140223.0;144750.0;8724.0;520411.0
ADOCIA;12.17;36857.0;5781.0;53761.0;99.0;30.0;9045.0;-8550.0;19469.0
ADOCIA;12.18;45848.0;4892.0;70043.0;132.0;3.0;8846.0;7615.0;47389.0
ADOCIA;12.19;28040.0;18518.0;61953.0;181.0;360.0;9605.0;-18603.0;2143.0
ADP;12.17;5434000.0;5271000.0;14276000.0;33000.0;641000.0;9469000.0;614000.0;3617000.0
ADP;12.18;5801000.0;5909000.0;16067000.0;38000.0;637000.0;10633000.0;695000.0;4007000.0
ADP;12.19;6007000.0;6011000.0;16793000.0;94000.0;612000.0;11044000.0;637000.0;4700000.0
AFFINE;12.17;303527.0;230799.0;706312.0;33000.0;10683.0;998.0;-10969.0;3617000.0
AFFINE;12.18;291728.0;221420.0;623609.0;38000.0;12527.0;1808.0;440.0;4007000.0
AFFINE;12.19;285036.0;223030.0;610160.0;94000.0;12077.0;856.0;5456.0;4700000.0
AIR FRANCE-KLM;12.17;2420000.0;9859000.0;29963000.0;557000.0;2164000.0;12176000.0;163000.0;25864000.0
AIR FRANCE-KLM;12.18;1865000.0;9279000.0;29057000.0;633000.0;2191000.0;12864000.0;411000.0;26512000.0
AIR FRANCE-KLM;12.19;2299000.0;9420000.0;30735000.0;737000.0;2164000.0;14219000.0;293000.0;27188000.0
AIR LIQUIDE;12.17;16718400.0;12522400.0;41027300.0;1333700.0;2900000.0;20137000.0;2291600.0;20349300.0
AIR LIQUIDE;12.18;18207400.0;11709600.0;41980600.0;1460100.0;2500400.0;20847400.0;2207400.0;21011100.0
AIR LIQUIDE;12.19;19324400.0;12655000.0;43666500.0;1531500.0;2477900.0;21410300.0;2337600.0;21920100.0
AIRBUS;12.17;13351000.0;8984000.0;113937000.0;28156000.0;8358000.0;19099000.0;2877000.0;66767000.0
AIRBUS;12.18;9719000.0;7463000.0;115198000.0;28310000.0;6078000.0;20460000.0;3011000.0;63707000.0
AIRBUS;12.19;5990000.0;8189000.0;114409000.0;31550000.0;6841000.0;20866000.0;-1325000.0;70478000.0
AKKA TECHNOLOGIES;12.17;266258.0;516022.0;1296693.0;6209.0;232582.0;100295.0;44064.0;1334388.0
AKKA TECHNOLOGIES;12.18;258673.0;479860.0;1256289.0;12716.0;261908.0;111150.0;53059.0;1505326.0
AKKA TECHNOLOGIES;12.19;478237.0;591128.0;1605299.0;9502.0;224806.0;116675.0;73270.0;1801486.0
AKWEL;12.17;362149.0;90377.0;679832.0;98924.0;155582.0;202665.0;86292.0;963637.0
AKWEL;12.18;409448.0;86586.0;754861.0;125397.0;174723.0;245858.0;84970.0;1024225.0
AKWEL;12.19;454032.0;86409.0;806927.0;136617.0;183303.0;284929.0;61796.0;1062170.0
ALBIOMA;12.17;467281.0;647700.0;1418512.0;54547.0;44533.0;1140505.0;44271.0;399148.0
ALBIOMA;12.18;492782.0;722240.0;1600614.0;62237.0;74488.0;1263071.0;53553.0;428311.0
ALBIOMA;12.19;520514.0;794839.0;1759113.0;55015.0;59290.0;1354173.0;54183.0;505676.0
ALD;12.17;3398200.0;9943300.0;21222200.0;254800.0;1438000.0;16464900.0;573200.0;8266400.0
ALD;12.18;3667900.0;12418200.0;23254300.0;264200.0;1584200.0;18572500.0;562200.0;8972100.0
ALD;12.19;4028800.0;12613300.0;25587900.0;371600.0;1734700.0;20626700.0;571000.0;9777600.0
ALSTOM;12.17;3713000.0;1595000.0;14361000.0;3750000.0;1693000.0;1144000.0;303000.0;7306000.0
ALSTOM;12.18;3430000.0;1164000.0;13246000.0;1440000.0;1772000.0;1270000.0;374000.0;7346000.0
ALSTOM;12.19;4159000.0;286000.0;13410000.0;1533000.0;1661000.0;1423000.0;693000.0;8072000.0
ALTAMIR;12.17;786650.0;0.0;923028.0;3750000.0;0.0;0.0;20889.0;0.0
ALTAMIR;12.18;792929.0;0.0;1024576.0;1440000.0;0.0;0.0;30306.0;0.0
ALTAMIR;12.19;1013220.0;0.0;1173407.0;1533000.0;0.0;0.0;245056.0;0.0
ALTAREA;12.17;3164700.0;2858300.0;8592800.0;3750000.0;237100.0;121600.0;476100.0;0.0
ALTAREA;12.18;3237300.0;2593200.0;8027100.0;1440000.0;573200.0;140000.0;287700.0;0.0
ALTAREA;12.19;3335500.0;2745200.0;9087900.0;1533000.0;861700.0;143000.0;235500.0;0.0
ALTEN;12.17;834232.0;8063.0;1418313.0;24.0;647287.0;35601.0;148320.0;1975400.0
ALTEN;12.18;972434.0;7246.0;1661581.0;0.0;760783.0;37970.0;160608.0;2269885.0
ALTEN;12.19;1113327.0;137239.0;2050138.0;0.0;860623.0;40019.0;163568.0;2623990.0
ANF IMMOBILIER;12.17;494484.0;574762.0;1134391.0;24.0;4559.0;1360.0;-20288.0;1975400.0
ANF IMMOBILIER;12.18;528905.0;549314.0;1150078.0;0.0;3481.0;4771.0;33241.0;2269885.0
ANF IMMOBILIER;12.19;520122.0;533495.0;1127053.0;0.0;5158.0;4156.0;9848.0;2623990.0
APRIL;12.17;614800.0;6500.0;1692500.0;0.0;226700.0;76262.0;19800.0;861200.0
APRIL;12.18;632116.0;37482.0;1736319.0;0.0;247264.0;79241.0;40220.0;928418.0
APRIL;12.19;617092.0;51876.0;1810781.0;0.0;265878.0;91372.0;29702.0;997238.0
APRR (AUTOROUTES PRR);12.17;121900.0;6612200.0;8171200.0;8500.0;78000.0;7473600.0;332900.0;1833700.0
APRR (AUTOROUTES PRR);12.18;220600.0;6278800.0;7940400.0;8300.0;84500.0;7459000.0;349400.0;2197900.0
APRR (AUTOROUTES PRR);12.19;336200.0;6025700.0;7900800.0;7900.0;94200.0;7455600.0;418900.0;2241500.0
ARCHOS;12.17;40417.0;10735.0;97499.0;41086.0;26122.0;2059.0;-6498.0;114121.0
ARCHOS;12.18;22382.0;10750.0;69856.0;26663.0;18336.0;2874.0;-22994.0;63253.0
ARCHOS;12.19;-9859.0;11354.0;30317.0;3400.0;11532.0;656.0;-36472.0;35380.0
AREVA;12.17;5556000.0;5564000.0;31255000.0;2608000.0;2130000.0;10699000.0;-74000.0;9342000.0
AREVA;12.18;5081000.0;5659000.0;32090000.0;2331000.0;2067000.0;11372000.0;-423000.0;9240000.0
AREVA;12.19;-245000.0;6870000.0;29920000.0;2020000.0;2079000.0;10986000.0;-4845000.0;8336000.0
ARGAN;12.17;517683.0;740511.0;1421513.0;2608000.0;23241.0;10366.0;91682.0;9342000.0
ARGAN;12.18;653477.0;755084.0;1532546.0;2331000.0;17309.0;12175.0;144525.0;9240000.0
ARGAN;12.19;1238726.0;893582.0;2946449.0;2020000.0;40642.0;11805.0;215036.0;8336000.0
ARKEMA;12.17;4474000.0;2250000.0;9576000.0;1145000.0;1115000.0;3645000.0;581000.0;8326000.0
ARKEMA;12.18;5028000.0;2246000.0;10111000.0;1136000.0;1247000.0;3886000.0;715000.0;8816000.0
ARKEMA;12.19;5324000.0;2377000.0;10977000.0;1014000.0;1204000.0;4501000.0;551000.0;8738000.0
ARTMARKET.COM;12.17;17103.0;0.0;18192.0;54.0;81.0;9674.0;734.0;7508.0
ARTMARKET.COM;12.18;18086.0;0.0;19394.0;40.0;141.0;9980.0;1004.0;8134.0
ARTMARKET.COM;12.19;18978.0;207.0;20930.0;29.0;88.0;10263.0;921.0;8354.0
ASSYSTEM;12.17;391700.0;3600.0;590000.0;0.0;160000.0;8300.0;404600.0;395200.0
ASSYSTEM;12.18;386800.0;63100.0;646700.0;0.0;150800.0;12400.0;19900.0;444100.0
ASSYSTEM;12.19;396700.0;107600.0;717100.0;0.0;160800.0;22700.0;27900.0;497500.0
ATARI;12.17;7400.0;2000.0;20000.0;0.0;7300.0;7000.0;7700.0;15400.0
ATARI;12.18;13800.0;700.0;22200.0;200.0;3900.0;9200.0;2300.0;18000.0
ATARI;12.19;22300.0;600.0;33300.0;200.0;3000.0;13500.0;2700.0;20600.0
ATOS;12.17;5226000.0;1241300.0;13484400.0;95200.0;2660300.0;2002300.0;665100.0;12691100.0
ATOS;12.18;8101000.0;4381000.0;21576000.0;133000.0;2965000.0;3538000.0;704000.0;12258000.0
ATOS;12.19;7087000.0;3578000.0;18649000.0;104000.0;2858000.0;2228000.0;3491000.0;11588000.0
AUBAY;12.17;143862.0;11828.0;302967.0;350.0;117677.0;5632.0;23937.0;353568.0
AUBAY;12.18;165410.0;10493.0;326696.0;378.0;115760.0;5964.0;27327.0;400579.0
AUBAY;12.19;184261.0;23520.0;372945.0;411.0;115097.0;29399.0;26409.0;417757.0
AXA;12.17;75267000.0;11828.0;870128000.0;350.0;117677.0;5632.0;6603000.0;353568.0
AXA;12.18;73252000.0;10493.0;930695000.0;378.0;115760.0;5964.0;-373000.0;400579.0
AXA;12.19;74627000.0;23520.0;780878000.0;411.0;115097.0;29399.0;4182000.0;417757.0
AXWAY SOFTWARE;12.17;344127.0;47759.0;551100.0;178.0;71090.0;63306.0;4405.0;299845.0
AXWAY SOFTWARE;12.18;362750.0;41774.0;553808.0;91.0;65565.0;55724.0;10993.0;283832.0
AXWAY SOFTWARE;12.19;362598.0;62104.0;568838.0;0.0;71893.0;46417.0;5406.0;299962.0
BENETEAU;12.17;590641.0;38516.0;1033652.0;219536.0;73254.0;341196.0;60095.0;1208318.0
BENETEAU;12.18;633299.0;32192.0;1319232.0;239777.0;67656.0;358576.0;60390.0;1287197.0
BENETEAU;12.19;644118.0;29867.0;1398089.0;278161.0;90262.0;373841.0;48240.0;1336227.0
BIC;12.17;1703921.0;215.0;2352586.0;428977.0;438731.0;704863.0;288295.0;2020251.0
BIC;12.18;1638126.0;32031.0;2366971.0;449152.0;480491.0;776168.0;173350.0;1949764.0
BIC;12.19;1608082.0;32331.0;2392188.0;455644.0;499377.0;767466.0;176095.0;1949431.0
BIGBEN INTERACTIVE;12.17;125991.0;6100.0;207442.0;48401.0;47850.0;45238.0;9144.0;208067.0
BIGBEN INTERACTIVE;12.18;134603.0;16727.0;223802.0;51660.0;54099.0;50653.0;8241.0;245412.0
BIGBEN INTERACTIVE;12.19;164349.0;35911.0;291949.0;57647.0;61549.0;79607.0;17847.0;245502.0
BIOMERIEUX;12.17;1736700.0;391000.0;2990000.0;380300.0;460100.0;1142100.0;237500.0;2288200.0
BIOMERIEUX;12.18;2003300.0;446800.0;3389600.0;414900.0;490000.0;1314800.0;255500.0;2421300.0
BIOMERIEUX;12.19;2254600.0;153700.0;3781900.0;494700.0;552100.0;1403100.0;269700.0;2674800.0
BLUE SOLUTIONS;12.17;138425.0;34581.0;211195.0;22079.0;8885.0;104953.0;-80.0;109337.0
BLUE SOLUTIONS;12.18;117806.0;34361.0;185117.0;12280.0;7451.0;107049.0;-19204.0;80725.0
BLUE SOLUTIONS;12.19;87697.0;32599.0;175126.0;12282.0;879.0;106119.0;-33369.0;38209.0
BNP PARIBAS;12.17;107209000.0;34581.0;1960252000.0;22079.0;8885.0;104953.0;8207000.0;109337.0
BNP PARIBAS;12.18;105726000.0;34361.0;2040836000.0;12280.0;7451.0;107049.0;8005000.0;80725.0
BNP PARIBAS;12.19;111845000.0;32599.0;2164713000.0;12282.0;879.0;106119.0;8583000.0;38209.0
BOIRON;12.17;517490.0;4793.0;800403.0;60896.0;101821.0;207969.0;78203.0;617540.0
BOIRON;12.18;486043.0;4206.0;767077.0;70747.0;102153.0;221077.0;57454.0;604212.0
BOIRON;12.19;505461.0;9772.0;764283.0;72249.0;104274.0;224819.0;40584.0;557123.0
BOLLORE;12.17;31857900.0;6981900.0;56344700.0;1170900.0;5111700.0;13399400.0;2081500.0;18325200.0
BOLLORE;12.18;28203800.0;8220800.0;55429400.0;1174000.0;5127800.0;12931100.0;1107100.0;23024400.0
BOLLORE;12.19;25942100.0;9285000.0;58169700.0;1358500.0;5229400.0;13425600.0;1408400.0;24843400.0
BONDUELLE;12.17;606507.0;535646.0;2054987.0;573051.0;294933.0;547922.0;59808.0;2288124.0
BONDUELLE;12.18;646817.0;429959.0;2027109.0;576498.0;277496.0;546474.0;72328.0;2776641.0
BONDUELLE;12.19;724972.0;561783.0;2111290.0;627426.0;258945.0;584710.0;72574.0;2777120.0
BOURBON CORP.;12.17;1564300.0;1127500.0;3691100.0;73700.0;448400.0;2520100.0;-43400.0;1329600.0
BOURBON CORP.;12.18;1255500.0;218700.0;3559800.0;83900.0;0.0;2451600.0;-263000.0;1020600.0
BOURBON CORP.;12.19;643600.0;183800.0;2742400.0;65200.0;0.0;1936500.0;-608900.0;793600.0
BOURSORAMA;12.17;652118.0;1127500.0;3603874.0;73700.0;448400.0;2520100.0;4892.0;1329600.0
BOURSORAMA;12.18;694173.0;218700.0;4226408.0;83900.0;0.0;2451600.0;42376.0;1020600.0
BOURSORAMA;12.19;776122.0;183800.0;4839338.0;65200.0;0.0;1936500.0;40232.0;793600.0
BOUYGUES;12.17;10210000.0;5788000.0;35778000.0;3037000.0;6732000.0;8990000.0;1205000.0;32904000.0
BOUYGUES;12.18;11117000.0;5080000.0;37694000.0;3154000.0;8415000.0;9630000.0;1453000.0;35555000.0
BOUYGUES;12.19;11800000.0;5580000.0;39354000.0;3239000.0;8714000.0;9679000.0;1320000.0;37929000.0
BULL REGROUPEMENT;12.17;190300.0;18800.0;815200.0;67100.0;124400.0;80300.0;6600.0;1243100.0
BULL REGROUPEMENT;12.18;176400.0;54900.0;847400.0;73000.0;133700.0;75900.0;16400.0;1300700.0
BULL REGROUPEMENT;12.19;202100.0;48900.0;875200.0;79600.0;133800.0;74200.0;26500.0;1285200.0
BUREAU VERITAS;12.17;1032700.0;2240000.0;5369800.0;19900.0;1363900.0;1126500.0;329800.0;4689400.0
BUREAU VERITAS;12.18;1007600.0;2655700.0;6096300.0;19900.0;1201700.0;1105700.0;355100.0;4795500.0
BUREAU VERITAS;12.19;1322100.0;3244500.0;7049100.0;0.0;1480400.0;1056000.0;392600.0;5099700.0
CANAL PLUS (STE ED);12.17;289000.0;0.0;965000.0;0.0;145000.0;47000.0;49000.0;1857000.0
CANAL PLUS (STE ED);12.18;296000.0;0.0;937000.0;0.0;110000.0;40000.0;42000.0;1878000.0
CANAL PLUS (STE ED);12.19;302000.0;3000.0;1000000.0;0.0;112000.0;33000.0;40000.0;1882000.0
CAPGEMINI;12.17;6960000.0;2783000.0;15944000.0;0.0;3170000.0;1430000.0;808000.0;12525000.0
CAPGEMINI;12.18;7479000.0;3274000.0;16498000.0;0.0;3279000.0;1482000.0;724000.0;13197000.0
CAPGEMINI;12.19;8419000.0;3156000.0;18135000.0;0.0;3380000.0;1383000.0;852000.0;14125000.0
CARMILA;12.17;3542461.0;2021596.0;6034396.0;0.0;107919.0;6970.0;314304.0;12525000.0
CARMILA;12.18;3652680.0;2359135.0;6503746.0;0.0;123616.0;6618.0;163609.0;13197000.0
CARMILA;12.19;3546046.0;2348120.0;6519736.0;0.0;117105.0;8506.0;108404.0;14125000.0
CARREFOUR;12.17;12158000.0;6428000.0;47813000.0;6690000.0;1433000.0;13732000.0;-362000.0;77673000.0
CARREFOUR;12.18;11286000.0;6936000.0;47378000.0;6135000.0;1423000.0;13399000.0;-344000.0;75261000.0
CARREFOUR;12.19;11675000.0;9963000.0;50802000.0;5867000.0;1575000.0;12823000.0;1311000.0;71651000.0
CASINO GUICHARD PERRACHON;12.17;13023000.0;7229000.0;38116000.0;3815000.0;937000.0;10168000.0;299000.0;37490000.0
CASINO GUICHARD PERRACHON;12.18;12019000.0;6817000.0;37440000.0;3843000.0;905000.0;8784000.0;161000.0;36604000.0
CASINO GUICHARD PERRACHON;12.19;8291000.0;12037000.0;34844000.0;3775000.0;836000.0;12246000.0;-1322000.0;34645000.0
CATERING INTL CIS;12.17;66259.0;6244.0;141644.0;13763.0;55629.0;10181.0;4076.0;249551.0
CATERING INTL CIS;12.18;56818.0;6755.0;126989.0;12652.0;44687.0;7890.0;5347.0;251355.0
CATERING INTL CIS;12.19;59380.0;11305.0;128915.0;11743.0;43192.0;7850.0;5525.0;224162.0
CEGEDIM;12.17;197346.0;250830.0;746223.0;3645.0;118170.0;179022.0;11160.0;457441.0
CEGEDIM;12.18;198957.0;185845.0;648108.0;2671.0;97278.0;190124.0;5826.0;467688.0
CEGEDIM;12.19;201247.0;248107.0;808613.0;4434.0;143986.0;256704.0;2691.0;503745.0
CGG;12.17;4202958.0;2062350.0;7626997.0;383693.0;813425.0;1917000.0;83658.0;3121624.0
CGG;12.18;3560601.0;2284676.0;7562926.0;462408.0;903765.0;2589744.0;-632654.0;3446830.0
CGG;12.19;2513592.0;2471580.0;6462921.0;381953.0;862668.0;2390758.0;-1049481.0;2833214.0
CGG;12.17;501253.0;49641.0;4047420.0;227135.0;496032.0;1407133.0;-487965.0;1252895.0
CGG;12.18;1397576.0;959127.0;3253051.0;170972.0;434274.0;908370.0;-79976.0;996360.0
CGG;12.19;1405328.0;1107371.0;3508161.0;174945.0;381189.0;713155.0;-53769.0;1185445.0
CHARGEURS;12.17;229900.0;179300.0;647100.0;107300.0;100800.0;65300.0;25200.0;533000.0
CHARGEURS;12.18;237200.0;169100.0;626100.0;128400.0;72400.0;112000.0;26600.0;573300.0
CHARGEURS;12.19;232400.0;210800.0;664000.0;126100.0;73500.0;150300.0;15100.0;626200.0
CHRISTIAN DIOR;12.17;32733000.0;7893000.0;72762000.0;10908000.0;2737000.0;28531000.0;5753000.0;43666000.0
CHRISTIAN DIOR;12.18;36372000.0;6353000.0;77271000.0;12485000.0;3222000.0;30234000.0;6942000.0;46826000.0
CHRISTIAN DIOR;12.19;35717000.0;15823000.0;93830000.0;13717000.0;3450000.0;33891000.0;7810000.0;53670000.0
CIC;12.17;32733000.0;7893000.0;72762000.0;10908000.0;2737000.0;28531000.0;5753000.0;43666000.0
CIC;12.18;36372000.0;6353000.0;77271000.0;12485000.0;3222000.0;30234000.0;6942000.0;46826000.0
CIC;12.19;35717000.0;15823000.0;93830000.0;13717000.0;3450000.0;33891000.0;7810000.0;53670000.0
CIE DES ALPES;12.17;832372.0;199604.0;1579758.0;22215.0;17780.0;1027858.0;39901.0;762176.0
CIE DES ALPES;12.18;879156.0;303980.0;1661352.0;22808.0;26350.0;1097407.0;63160.0;801226.0
CIE DES ALPES;12.19;927987.0;356383.0;1843380.0;24296.0;20388.0;1222501.0;71400.0;854011.0
CLARANOVA;12.17;1285.0;0.0;30047.0;3730.0;4342.0;1226.0;-11352.0;130219.0
CLARANOVA;12.18;14300.0;28100.0;80500.0;3700.0;4900.0;700.0;-8100.0;161500.0
CLARANOVA;12.19;63600.0;49100.0;176100.0;4800.0;11600.0;8400.0;-41400.0;262300.0
CNIM GROUP;12.17;181033.0;42571.0;700048.0;28916.0;201709.0;95637.0;18199.0;628469.0
CNIM GROUP;12.18;190068.0;63083.0;666974.0;21876.0;238261.0;92465.0;27859.0;689769.0
CNIM GROUP;12.19;-16565.0;45307.0;756438.0;22923.0;297025.0;98451.0;-202069.0;588388.0
CNP ASSURANCES;12.17;20023000.0;42571.0;423298000.0;28916.0;201709.0;95637.0;1623000.0;628469.0
CNP ASSURANCES;12.18;19520900.0;63083.0;415524300.0;21876.0;238261.0;92465.0;1670000.0;689769.0
CNP ASSURANCES;12.19;21188000.0;45307.0;440366300.0;22923.0;297025.0;98451.0;1735700.0;588388.0
COFACE;12.17;1802781.0;42571.0;7223218.0;28916.0;201709.0;95637.0;83054.0;628469.0
COFACE;12.18;1806397.0;63083.0;7219040.0;21876.0;238261.0;92465.0;122686.0;689769.0
COFACE;12.19;1924741.0;45307.0;7382922.0;22923.0;297025.0;98451.0;146719.0;588388.0
COLAS;12.17;2827000.0;126000.0;8612000.0;501000.0;2853000.0;2491000.0;330000.0;11705000.0
COLAS;12.18;2819000.0;533000.0;9740000.0;672000.0;3094000.0;2832000.0;227000.0;13190000.0
COLAS;12.19;2909000.0;766000.0;9949000.0;675000.0;3284000.0;2789000.0;261000.0;13688000.0
COVIVIO;12.17;10167659.0;8596316.0;21732988.0;501000.0;279298.0;228373.0;1352581.0;11705000.0
COVIVIO;12.18;11358414.0;9379905.0;24384202.0;672000.0;313212.0;1300813.0;1143462.0;13190000.0
COVIVIO;12.19;12358343.0;9327115.0;25719762.0;675000.0;376730.0;1512913.0;1261815.0;13688000.0
CREDIT AGRICOLE SA;12.17;64706000.0;8596316.0;1550283000.0;501000.0;279298.0;228373.0;4216000.0;11705000.0
CREDIT AGRICOLE SA;12.18;65516000.0;9379905.0;1624394000.0;672000.0;313212.0;1300813.0;5027000.0;13190000.0
CREDIT AGRICOLE SA;12.19;70843000.0;9327115.0;1767643000.0;675000.0;376730.0;1512913.0;5458000.0;13688000.0
CRIT;12.17;435619.0;96107.0;1067250.0;2603.0;433552.0;145270.0;75271.0;2145269.0
CRIT;12.18;511928.0;62830.0;1172922.0;2585.0;473538.0;145175.0;83364.0;2418225.0
CRIT;12.19;557578.0;41647.0;1275258.0;2062.0;480693.0;145839.0;90828.0;2498217.0
DANONE;12.17;14529000.0;15529000.0;44259000.0;1668000.0;2794000.0;12818000.0;2559000.0;24812000.0
DANONE;12.18;16475000.0;14277000.0;44177000.0;1789000.0;2689000.0;12910000.0;2439000.0;24651000.0
DANONE;12.19;17378000.0;12875000.0;45362000.0;1933000.0;2906000.0;12450000.0;2028000.0;25287000.0
DASSAULT AVIATION;12.17;3907705.0;980265.0;15254549.0;3670155.0;451895.0;475997.0;708994.0;4832638.0
DASSAULT AVIATION;12.18;4276589.0;335306.0;17052988.0;3403278.0;551405.0;517890.0;572802.0;5119219.0
DASSAULT AVIATION;12.19;4446085.0;216176.0;15369071.0;3368351.0;677007.0;860347.0;712722.0;7370616.0
DASSAULT SYSTEMES;12.17;3996047.0;1000000.0;7029806.0;0.0;895900.0;1235398.0;520144.0;3228008.0
DASSAULT SYSTEMES;12.18;4625800.0;650000.0;7974000.0;0.0;1044100.0;1316000.0;563400.0;3477400.0
DASSAULT SYSTEMES;12.19;5262600.0;5209600.0;13872600.0;0.0;1346100.0;4470900.0;606300.0;4018200.0
DBV TECHNOLOGIES;12.17;129923.0;1825.0;177807.0;0.0;1265.0;17930.0;-147693.0;0.0
DBV TECHNOLOGIES;12.18;121286.0;1278.0;171749.0;1566.0;0.0;20248.0;-166076.0;0.0
DBV TECHNOLOGIES;12.19;171563.0;20300.0;241476.0;2038.0;0.0;22313.0;-153587.0;0.0
DELACHAUX;12.17;351450.0;157448.0;741088.0;101812.0;136639.0;57676.0;51940.0;655937.0
DELACHAUX;12.18;377196.0;134847.0;761023.0;125813.0;167723.0;56993.0;66198.0;775623.0
DELACHAUX;12.19;441233.0;104876.0;743992.0;102932.0;122736.0;60443.0;53360.0;636011.0
DERICHEBOURG;12.17;462600.0;153900.0;1393700.0;93900.0;295700.0;456400.0;76400.0;2731100.0
DERICHEBOURG;12.18;511700.0;156200.0;1412900.0;76700.0;286600.0;487100.0;72600.0;2919700.0
DERICHEBOURG;12.19;526000.0;324800.0;1557400.0;67800.0;284100.0;547200.0;58900.0;2705000.0
DMS;12.17;28272.0;3011.0;49981.0;11534.0;10399.0;7876.0;-1345.0;37411.0
DMS;12.18;23348.0;2705.0;40080.0;9376.0;9426.0;8663.0;-3408.0;27116.0
DMS;12.19;17879.0;3275.0;36837.0;10351.0;7570.0;10097.0;-5454.0;24324.0
EDENRED;12.17;-1362000.0;1748000.0;6211000.0;23000.0;1679000.0;479000.0;277000.0;1320000.0
EDENRED;12.18;-1451000.0;2214000.0;7270000.0;26000.0;1875000.0;484000.0;285000.0;1378000.0
EDENRED;12.19;-1043000.0;2511000.0;8886000.0;31000.0;2073000.0;772000.0;346000.0;1570000.0
EDF;12.17;48698000.0;49734000.0;280752000.0;14138000.0;23411000.0;146729000.0;3289000.0;69632000.0
EDF;12.18;52646000.0;52129000.0;283169000.0;14227000.0;15910000.0;152024000.0;1191000.0;68976000.0
EDF;12.19;55790000.0;56306000.0;303284000.0;14049000.0;15606000.0;159389000.0;5182000.0;71317000.0
EIFFAGE;12.17;5137000.0;12119000.0;30026000.0;683000.0;4977000.0;13012000.0;835000.0;15368000.0
EIFFAGE;12.18;5635000.0;11422000.0;30368000.0;740000.0;5311000.0;13039000.0;965000.0;16890000.0
EIFFAGE;12.19;6231000.0;11340000.0;32877000.0;745000.0;0.0;13792000.0;1113000.0;18690000.0
EKINOPS;12.17;76608.0;7265.0;125893.0;8736.0;20703.0;14905.0;-6455.0;34291.0
EKINOPS;12.18;74355.0;6708.0;134074.0;11232.0;20687.0;32956.0;-2084.0;84222.0
EKINOPS;12.19;86477.0;16392.0;155369.0;10497.0;21364.0;37018.0;1623.0;93477.0
ELIOR GROUP;12.17;1617700.0;1685300.0;5192800.0;123000.0;607600.0;1146700.0;117100.0;6421900.0
ELIOR GROUP;12.18;1470700.0;1874100.0;5365700.0;132000.0;645700.0;1271200.0;37900.0;6694300.0
ELIOR GROUP;12.19;1670000.0;602000.0;3768000.0;94000.0;552000.0;654000.0;270000.0;4923000.0
ENGIE;12.17;42123000.0;24714000.0;150141000.0;4161000.0;20056000.0;57565000.0;2108000.0;59576000.0
ENGIE;12.18;40942000.0;26084000.0;153702000.0;4158000.0;23023000.0;55635000.0;1628000.0;56967000.0
ENGIE;12.19;38037000.0;30002000.0;159793000.0;3617000.0;23011000.0;55983000.0;1649000.0;60058000.0
ENTREPOSE CONTRACTING;12.17;89307.0;3295.0;441356.0;5992.0;131487.0;28432.0;18038.0;462164.0
ENTREPOSE CONTRACTING;12.18;107009.0;2673.0;551100.0;4875.0;179516.0;36806.0;32318.0;612656.0
ENTREPOSE CONTRACTING;12.19;156136.0;3599.0;697577.0;3187.0;219185.0;47825.0;55701.0;824297.0
EOS IMAGING;12.17;23203.0;14733.0;58322.0;4377.0;30148.0;6491.0;-7786.0;37092.0
EOS IMAGING;12.18;29210.0;25679.0;79989.0;8779.0;32740.0;9000.0;-13038.0;35391.0
EOS IMAGING;12.19;12078.0;28558.0;64884.0;13513.0;17698.0;10554.0;-18429.0;20087.0
ERYTECH PHARMA;12.17;181419.0;2019.0;195261.0;176.0;76.0;3459.0;-33530.0;0.0
ERYTECH PHARMA;12.18;145602.0;1243.0;167840.0;1396.0;30.0;16887.0;-38224.0;0.0
ERYTECH PHARMA;12.19;85560.0;12599.0;118545.0;358.0;36.0;26235.0;-62659.0;0.0
ESSILORLUXOTTICA;12.17;5814000.0;1671000.0;10064000.0;832000.0;944000.0;3056000.0;1042000.0;9184000.0
ESSILORLUXOTTICA;12.18;33262000.0;2582000.0;46269000.0;2045000.0;2357000.0;15241000.0;1156000.0;10799000.0
ESSILORLUXOTTICA;12.19;35332000.0;8483000.0;52583000.0;2166000.0;2411000.0;14920000.0;1185000.0;17390000.0
ESSO;12.17;966400.0;121700.0;3467000.0;999300.0;656100.0;909200.0;276400.0;11146900.0
ESSO;12.18;1165600.0;13600.0;3629800.0;1134200.0;588400.0;898000.0;158500.0;13140500.0
ESSO;12.19;1044400.0;9300.0;3599800.0;1262200.0;636700.0;903300.0;-126700.0;14853100.0
EULER HERMES;12.17;2642667.0;121700.0;6359687.0;999300.0;656100.0;909200.0;304100.0;11146900.0
EULER HERMES;12.18;2777228.0;13600.0;6596626.0;1134200.0;588400.0;898000.0;304172.0;13140500.0
EULER HERMES;12.19;2673012.0;9300.0;6505898.0;1262200.0;636700.0;903300.0;287649.0;14853100.0
EURAZEO;12.17;5946478.0;3216781.0;11508573.0;349647.0;679633.0;2749797.0;480050.0;3478110.0
EURAZEO;12.18;6294421.0;3125364.0;12034735.0;360949.0;610295.0;3219676.0;210977.0;4366403.0
EURAZEO;12.19;6631106.0;3788192.0;13890283.0;457755.0;649975.0;4011341.0;132867.0;4680630.0
EURO DISNEY;12.17;-79700.0;1697700.0;2154900.0;39100.0;71500.0;1858800.0;-78200.0;1309400.0
EURO DISNEY;12.18;-198400.0;1716300.0;2160200.0;41400.0;74900.0;1834100.0;-113600.0;1279700.0
EURO DISNEY;12.19;713600.0;998800.0;2290400.0;40900.0;70000.0;1784200.0;-101900.0;1373100.0
EUROFINS SCIENTIFIC;12.17;2481973.0;1662099.0;5832307.0;51805.0;705716.0;1421118.0;218845.0;2971417.0
EUROFINS SCIENTIFIC;12.18;2722182.0;2766169.0;7205448.0;66373.0;864898.0;1964923.0;223586.0;3781148.0
EUROFINS SCIENTIFIC;12.19;2898100.0;3086900.0;7823100.0;79300.0;1001200.0;1986500.0;195300.0;4562800.0
EURONEXT;12.17;548018.0;69005.0;757517.0;51805.0;45177.0;47230.0;197013.0;496436.0
EURONEXT;12.18;729480.0;164682.0;1065581.0;66373.0;59900.0;121303.0;242189.0;532294.0
EURONEXT;12.19;802324.0;504940.0;1598463.0;79300.0;91278.0;153562.0;217628.0;615033.0
EUROPACORP;12.17;96512.0;2078.0;665570.0;1148.0;65755.0;337313.0;-119892.0;144159.0
EUROPACORP;12.18;9806.0;1102.0;465323.0;5117.0;55389.0;253619.0;-82519.0;221101.0
EUROPACORP;12.19;-99739.0;541.0;225822.0;587.0;43389.0;93669.0;-109872.0;148679.0
EUROPCAR MOBILITY GRP;12.17;631266.0;953240.0;4514764.0;16843.0;86166.0;799311.0;119294.0;2150758.0
EUROPCAR MOBILITY GRP;12.18;837995.0;1570141.0;6128101.0;24330.0;370954.0;924815.0;61101.0;2411661.0
EUROPCAR MOBILITY GRP;12.19;889867.0;1740667.0;6494636.0;26536.0;370706.0;1145263.0;139410.0;2929289.0
EUTELSAT COMMUNIC.;12.17;2966000.0;3252900.0;7911300.0;3000.0;345400.0;5596300.0;363400.0;1477900.0
EUTELSAT COMMUNIC.;12.18;2847400.0;2434800.0;7794400.0;2100.0;343700.0;5415300.0;303700.0;1390500.0
EUTELSAT COMMUNIC.;12.19;2867400.0;3380300.0;8291600.0;3900.0;333700.0;4456900.0;357000.0;1321100.0
EXEL INDUSTRIES A;12.17;335601.0;83166.0;702175.0;188711.0;134331.0;153037.0;45315.0;874205.0
EXEL INDUSTRIES A;12.18;362701.0;68204.0;708839.0;232371.0;134397.0;156059.0;39221.0;839068.0
EXEL INDUSTRIES A;12.19;358884.0;57081.0;710669.0;228323.0;119700.0;149648.0;4099.0;776687.0
FAIVELEY TRANSPORT;12.17;559860.0;314841.0;1473984.0;242977.0;184193.0;114409.0;63611.0;987706.0
FAIVELEY TRANSPORT;12.18;577647.0;407983.0;1610285.0;265846.0;207638.0;119342.0;50141.0;982416.0
FAIVELEY TRANSPORT;12.19;657450.0;396510.0;1763033.0;289368.0;224130.0;128917.0;52877.0;1048423.0
FAURECIA;12.17;3508200.0;1598400.0;11492500.0;1419200.0;1766100.0;3931000.0;707100.0;20181700.0
FAURECIA;12.18;4071300.0;1869500.0;13394700.0;1431700.0;1947500.0;4744000.0;793300.0;17524700.0
FAURECIA;12.19;4461800.0;3819400.0;17164800.0;1423800.0;2737900.0;5548300.0;664700.0;17768300.0
FDJ;12.17;520200.0;104100.0;2049200.0;10500.0;373500.0;469500.0;181000.0;1762000.0
FDJ;12.18;563900.0;96100.0;2207200.0;8700.0;411500.0;483600.0;170400.0;1802600.0
FDJ;12.19;569200.0;229700.0;2856000.0;10500.0;469800.0;542400.0;133000.0;1955600.0
FIMALAC;12.17;780000.0;245500.0;1270800.0;300.0;43000.0;326600.0;76200.0;67800.0
FIMALAC;12.18;831700.0;295300.0;1532300.0;500.0;58000.0;353500.0;86500.0;114800.0
FIMALAC;12.19;2202300.0;430800.0;3127700.0;800.0;107800.0;381700.0;1581400.0;224700.0
FINANCIERE ODET;12.17;29295600.0;7156900.0;54009400.0;1170900.0;5111700.0;13399400.0;2075600.0;18325100.0
FINANCIERE ODET;12.18;26155700.0;8335600.0;53538700.0;1174000.0;5127800.0;12931100.0;1101500.0;23024400.0
FINANCIERE ODET;12.19;24021500.0;9419700.0;56310100.0;1358500.0;5229400.0;13644100.0;1401600.0;24842800.0
FNAC DARTY;12.17;1103000.0;853800.0;5269800.0;1072800.0;265100.0;1084300.0;37500.0;7448200.0
FNAC DARTY;12.18;1261000.0;855100.0;5510600.0;1091800.0;271800.0;1100200.0;149600.0;7474700.0
FNAC DARTY;12.19;1398300.0;1737200.0;6872400.0;1079400.0;274800.0;2152200.0;103900.0;7348600.0
FUTUREN;12.17;151646.0;196289.0;473376.0;4966.0;15643.0;293260.0;3373.0;59155.0
FUTUREN;12.18;183418.0;188148.0;475513.0;551.0;14022.0;307763.0;2821.0;56651.0
FUTUREN;12.19;217077.0;168665.0;484681.0;431.0;18411.0;306779.0;-5249.0;61758.0
GAMELOFT;12.17;127977.0;0.0;174958.0;0.0;59658.0;19580.0;9280.0;208315.0
GAMELOFT;12.18;136253.0;0.0;187675.0;0.0;62802.0;24591.0;7526.0;233296.0
GAMELOFT;12.19;137833.0;1506.0;201104.0;0.0;63914.0;31328.0;-6355.0;227279.0
GDS RUSAL;12.17;9646329.0;10128691.0;23198234.0;2747725.0;145532.0;5357240.0;216925.0;11249931.0
GDS RUSAL;12.18;0.0;0.0;23249492.0;2401742.0;154685.0;5084481.0;-308455.0;9968514.0
GDS RUSAL;12.19;5995203.0;8374064.0;18745308.0;2057590.0;123565.0;3905577.0;-3040620.0;8933311.0
GECI INTL;12.17;-4989.0;6671.0;37774.0;0.0;6166.0;8864.0;-6385.0;24276.0
GECI INTL;12.18;-1894.0;5865.0;40916.0;0.0;10188.0;8454.0;-2264.0;27722.0
GECI INTL;12.19;-764.0;4632.0;34359.0;0.0;8734.0;8033.0;-3819.0;29723.0
GECINA;12.17;11014410.0;6926752.0;20106091.0;0.0;141669.0;79580.0;1910937.0;24276.0
GECINA;12.18;11751245.0;5382661.0;19708967.0;0.0;110723.0;89686.0;1006965.0;27722.0
GECINA;12.19;12726570.0;5449112.0;20454805.0;0.0;77385.0;107623.0;1516890.0;29723.0
GENERAL ELECTRIC;12.17;73696158.0;6926752.0;20106091.0;0.0;141669.0;79580.0;7816647.0;101040694.0
GENERAL ELECTRIC;12.18;81044269.0;5382661.0;19708967.0;0.0;110723.0;89686.0;-8399142.0;107437640.0
GENERAL ELECTRIC;12.19;43296379.0;5449112.0;20454805.0;0.0;77385.0;107623.0;-18735912.0;94788206.0
GENFIT;12.17;104229.0;160589.0;293183.0;4.0;61.0;6961.0;-58604.0;118.0
GENFIT;12.18;20939.0;166432.0;229478.0;4.0;25.0;8560.0;-79521.0;69.0
GENFIT;12.19;84065.0;179081.0;309853.0;4.0;207.0;17373.0;-65144.0;30839.0
GENKYOTEX;12.17;20335.0;1901.0;25889.0;52.0;0.0;210.0;-11193.0;0.0
GENKYOTEX;12.18;13300.0;336.0;16726.0;0.0;53.0;84.0;-7240.0;0.0
GENKYOTEX;12.19;23535.0;115.0;26893.0;0.0;0.0;10272.0;-25773.0;0.0
GETLINK (ex: EUROTUNNEL);12.17;2051012.0;4219528.0;7491747.0;1843.0;96422.0;6472659.0;113282.0;1032978.0
GETLINK (ex: EUROTUNNEL);12.18;2006281.0;4758652.0;7995035.0;2291.0;97489.0;6636827.0;130320.0;1079449.0
GETLINK (ex: EUROTUNNEL);12.19;1638647.0;4903090.0;8031728.0;2521.0;77148.0;6889196.0;158940.0;1085277.0
GFI INFORMATIQUE;12.17;210999.0;82359.0;665070.0;727.0;284984.0;51548.0;19985.0;804019.0
GFI INFORMATIQUE;12.18;276833.0;54398.0;737755.0;1528.0;312579.0;61883.0;22041.0;893959.0
GFI INFORMATIQUE;12.19;300608.0;84533.0;895710.0;779.0;397300.0;96780.0;32109.0;1015415.0
GINGER;12.17;39723.0;14613.0;187284.0;5035.0;105419.0;17320.0;5506.0;250280.0
GINGER;12.18;45053.0;10275.0;192868.0;5739.0;108604.0;18106.0;6710.0;266430.0
GINGER;12.19;50748.0;5923.0;200111.0;6709.0;116268.0;18059.0;8327.0;283204.0
GL EVENTS;12.17;430004.0;522940.0;1655995.0;35626.0;195715.0;378009.0;45739.0;953840.0
GL EVENTS;12.18;542027.0;418978.0;1763412.0;39290.0;190433.0;375563.0;52561.0;1040488.0
GL EVENTS;12.19;569313.0;688630.0;2129310.0;38544.0;169223.0;404719.0;75808.0;1172875.0
GROUPE GORGE;12.17;167072.0;36314.0;409412.0;26800.0;116010.0;63064.0;-20582.0;278225.0
GROUPE GORGE;12.18;161574.0;45309.0;383732.0;28256.0;126059.0;64182.0;-1942.0;296004.0
GROUPE GORGE;12.19;176728.0;68568.0;420554.0;32255.0;113488.0;68560.0;23119.0;274641.0
GTT (GAZTRANSPORT ET TEC.);12.17;136405.0;244.0;248359.0;0.0;101056.0;18580.0;116245.0;231591.0
GTT (GAZTRANSPORT ET TEC.);12.18;179441.0;2100.0;346819.0;7394.0;96006.0;19091.0;142800.0;245987.0
GTT (GAZTRANSPORT ET TEC.);12.19;202281.0;2089.0;404945.0;10854.0;139432.0;22955.0;143353.0;288224.0
GUYENNE GASCOGNE;12.17;370606.0;1107.0;479502.0;39341.0;331.0;124856.0;31775.0;516311.0
GUYENNE GASCOGNE;12.18;368984.0;950.0;461949.0;40794.0;690.0;126795.0;25012.0;515198.0
GUYENNE GASCOGNE;12.19;361532.0;723.0;461090.0;40973.0;227.0;128711.0;25635.0;532276.0
HAULOTTE GROUP;12.17;238324.0;68012.0;435069.0;108732.0;125141.0;77579.0;17688.0;509951.0
HAULOTTE GROUP;12.18;256990.0;46084.0;536933.0;178949.0;136417.0;84157.0;23873.0;555905.0
HAULOTTE GROUP;12.19;264346.0;147614.0;584018.0;191577.0;115202.0;98096.0;19457.0;609828.0
HAVAS;12.17;1268000.0;138000.0;4923000.0;36000.0;1650000.0;291000.0;143000.0;1772000.0
HAVAS;12.18;1460000.0;255000.0;5246000.0;36000.0;1868000.0;317000.0;157000.0;1865000.0
HAVAS;12.19;1653000.0;503000.0;6137000.0;60000.0;2108000.0;344000.0;191000.0;2188000.0
HERMES INTL;12.17;5045500.0;23500.0;6768200.0;896200.0;255900.0;1415200.0;1225800.0;5549200.0
HERMES INTL;12.18;5507800.0;27500.0;7468100.0;963600.0;280700.0;1487600.0;1409600.0;5966100.0
HERMES INTL;12.19;6575900.0;925600.0;9881100.0;1132600.0;317900.0;1725800.0;1535300.0;6883400.0
HEXAOM;12.17;170778.0;56367.0;481258.0;27981.0;137390.0;31723.0;29136.0;764427.0
HEXAOM;12.18;183764.0;46746.0;500563.0;28401.0;121406.0;38837.0;24608.0;803971.0
HEXAOM;12.19;190955.0;76556.0;610216.0;40791.0;160406.0;71970.0;18469.0;841848.0
HOLCIM;12.17;32095584.0;13618939.0;64304782.0;2443170.0;2610358.0;30546549.0;1930520.0;24851054.0
HOLCIM;12.18;28850453.0;13765322.0;59311315.0;2673149.0;3110912.0;29038598.0;-1598301.0;24336835.0
HOLCIM;12.19;27991692.0;12119519.0;55600574.0;2869677.0;3007526.0;26731493.0;1601095.0;25582132.0
HSBC HOLDINGS;12.17;167113332.0;13618939.0;2173820638.0;2443170.0;2610358.0;30546549.0;3154118.0;24851054.0
HSBC HOLDINGS;12.18;187811800.0;13765322.0;2393571320.0;2673149.0;3110912.0;29038598.0;11275105.0;24336835.0
HSBC HOLDINGS;12.19;162163358.0;12119519.0;2135578448.0;2869677.0;3007526.0;26731493.0;12543202.0;25582132.0
ICADE;12.17;4127300.0;4907400.0;11309000.0;2443170.0;538500.0;74600.0;198300.0;24851054.0
ICADE;12.18;3936700.0;5238500.0;11759200.0;2673149.0;721000.0;26400.0;185300.0;24336835.0
ICADE;12.19;4094800.0;6193800.0;12513500.0;2869677.0;671800.0;80700.0;338200.0;25582132.0
ID LOGISTICS;12.17;162281.0;94194.0;701364.0;131.0;225952.0;98248.0;18340.0;1329270.0
ID LOGISTICS;12.18;189815.0;98937.0;754766.0;227.0;250694.0;126450.0;28696.0;1410300.0
ID LOGISTICS;12.19;204025.0;352164.0;1190452.0;165.0;283049.0;533313.0;16944.0;1534239.0
ILIAD;12.17;3374066.0;2168446.0;8415669.0;30696.0;491519.0;7135597.0;404616.0;4987469.0
ILIAD;12.18;3606000.0;3407000.0;11252000.0;90000.0;652000.0;9296000.0;330000.0;4891000.0
ILIAD;12.19;3831000.0;5809000.0;16756000.0;86000.0;561000.0;8969000.0;1726000.0;5332000.0
MANITOU BF;12.17;533100.0;47899.0;1098358.0;451400.0;326306.0;190411.0;60220.0;1590968.0
MANITOU BF;12.18;596974.0;38477.0;1289620.0;574641.0;364172.0;218985.0;84354.0;1883578.0
MANITOU BF;12.19;664646.0;161995.0;1384741.0;589745.0;383462.0;266298.0;95757.0;2093577.0
MANUTAN INTL;12.17;404847.0;49853.0;617716.0;63039.0;179895.0;128980.0;39113.0;708801.0
MANUTAN INTL;12.18;431365.0;33030.0;631671.0;67555.0;198833.0;134032.0;41214.0;741283.0
MANUTAN INTL;12.19;459779.0;47619.0;689871.0;73210.0;186213.0;147599.0;42302.0;773885.0
MARIE BRIZARD;12.17;163875.0;13339.0;423326.0;69435.0;81359.0;152459.0;-67396.0;423308.0
MARIE BRIZARD;12.18;103347.0;11812.0;360076.0;64558.0;61905.0;158073.0;-61999.0;388905.0
MARIE BRIZARD;12.19;93737.0;9689.0;324396.0;53991.0;46669.0;144214.0;-65921.0;275486.0
MAROC TELECOM;12.17;1794211.0;433816.0;5698932.0;30124.0;830164.0;3473414.0;616324.0;3277518.0
MAROC TELECOM;12.18;1861873.0;395943.0;5909159.0;27905.0;803858.0;3730815.0;620216.0;3296033.0
MAROC TELECOM;12.19;1744118.0;310970.0;5559970.0;31142.0;763689.0;3488416.0;620867.0;3224427.0
MAUNA KEA TECH;12.17;16744.0;6567.0;27747.0;1969.0;2034.0;3566.0;-10245.0;6687.0
MAUNA KEA TECH;12.18;7979.0;6457.0;19762.0;2456.0;1643.0;3823.0;-12785.0;6760.0
MAUNA KEA TECH;12.19;253.0;15499.0;23621.0;2592.0;2444.0;5669.0;-15272.0;7431.0
MAUREL & PROM;12.17;844743.0;578347.0;1936387.0;6501.0;49288.0;1362177.0;6960.0;354759.0
MAUREL & PROM;12.18;926939.0;580779.0;2057700.0;11774.0;79465.0;1378362.0;51479.0;367471.0
MAUREL & PROM;12.19;998274.0;474420.0;2240886.0;12232.0;125988.0;1459455.0;30723.0;440315.0
MEDICA;12.17;125567.0;393621.0;1254524.0;1915.0;29928.0;777384.0;-12969.0;480727.0
MEDICA;12.18;609944.0;479975.0;1487026.0;2081.0;35293.0;891962.0;23552.0;538879.0
MEDICA;12.19;640638.0;574747.0;1741460.0;2100.0;41783.0;1011657.0;42008.0;632095.0
MEDTECH;12.17;-31.0;393621.0;1254524.0;1915.0;29928.0;777384.0;0.0;1952.0
MEDTECH;12.18;1334.0;479975.0;1487026.0;2081.0;35293.0;891962.0;0.0;1819.0
MEDTECH;12.19;17905.0;574747.0;1741460.0;2100.0;41783.0;1011657.0;-2002.0;2524.0
MERCIALYS;12.17;920540.0;1384221.0;2656781.0;1915.0;15839.0;2496.0;94990.0;1952.0
MERCIALYS;12.18;879545.0;1206800.0;2861781.0;2081.0;22341.0;2719.0;89619.0;1819.0
MERCIALYS;12.19;860030.0;1220179.0;2455562.0;2100.0;20532.0;4445.0;99196.0;2524.0
MERSEN;12.17;484000.0;154400.0;949900.0;158800.0;123400.0;298000.0;40000.0;809200.0
MERSEN;12.18;528100.0;109400.0;1084500.0;198600.0;156800.0;336000.0;59200.0;878500.0
MERSEN;12.19;570600.0;283500.0;1200900.0;207000.0;157100.0;372600.0;59800.0;950200.0
METABOLIC EXPLORER;12.17;45416.0;5260.0;59546.0;0.0;607.0;20664.0;-11289.0;4039.0
METABOLIC EXPLORER;12.18;45265.0;5914.0;59962.0;0.0;265.0;20703.0;-6228.0;3308.0
METABOLIC EXPLORER;12.19;44085.0;6686.0;63618.0;0.0;473.0;31763.0;-8404.0;350.0
MICHELIN;12.17;11261000.0;2215000.0;25267000.0;4508000.0;3084000.0;11668000.0;1693000.0;21960000.0
MICHELIN;12.18;12167000.0;4940000.0;29448000.0;4447000.0;3307000.0;13207000.0;1660000.0;22028000.0
MICHELIN;12.19;13229000.0;5750000.0;31677000.0;4694000.0;3532000.0;14322000.0;1730000.0;24135000.0
MODELABS GROUP;12.17;60009.0;10000.0;130212.0;9549.0;35209.0;20593.0;-31616.0;182174.0
MODELABS GROUP;12.18;61822.0;25000.0;137867.0;11345.0;29779.0;16656.0;1380.0;177700.0
MODELABS GROUP;12.19;64355.0;17081.0;152387.0;17473.0;36310.0;8301.0;2662.0;240203.0
MONTUPET;12.17;143605.0;55471.0;373725.0;62026.0;75662.0;163944.0;8696.0;406044.0
MONTUPET;12.18;170744.0;46873.0;381254.0;67650.0;63808.0;177335.0;29271.0;399543.0
MONTUPET;12.19;197969.0;36633.0;381442.0;70671.0;63146.0;187914.0;34626.0;420735.0
NANOBIOTIX;12.17;43922.0;3960.0;57467.0;0.0;169.0;3126.0;-26143.0;252.0
NANOBIOTIX;12.18;14243.0;20018.0;46195.0;0.0;25.0;2986.0;-30345.0;116.0
NANOBIOTIX;12.19;-1908.0;43435.0;56205.0;0.0;11.0;3541.0;-50915.0;68.0
NATIXIS;12.17;20987000.0;3960.0;519987000.0;0.0;169.0;3126.0;1861000.0;252.0
NATIXIS;12.18;21195000.0;20018.0;495496000.0;0.0;25.0;2986.0;1880000.0;116.0
NATIXIS;12.19;20826000.0;43435.0;513170000.0;0.0;11.0;3541.0;2276000.0;68.0
NATUREX;12.17;351390.0;171657.0;626165.0;164610.0;58477.0;168716.0;-4090.0;327350.0
NATUREX;12.18;367093.0;158993.0;664496.0;159041.0;54966.0;173565.0;572.0;397812.0
NATUREX;12.19;372686.0;143811.0;671479.0;184524.0;55797.0;172782.0;17868.0;404355.0
NEXANS;12.17;1472000.0;718000.0;5147000.0;1107000.0;1232000.0;1256000.0;127000.0;4571000.0
NEXANS;12.18;1367000.0;778000.0;5119000.0;1110000.0;1021000.0;1266000.0;13000.0;4409000.0
NEXANS;12.19;1251000.0;923000.0;5117000.0;1113000.0;1084000.0;1394000.0;-118000.0;6735000.0
NEXITY;12.17;1672655.0;702523.0;5589515.0;1763502.0;541112.0;123813.0;191219.0;3415165.0
NEXITY;12.18;1763784.0;1836413.0;7324281.0;1440670.0;991871.0;214140.0;282416.0;3939575.0
NEXITY;12.19;1757274.0;2184879.0;8265102.0;1555566.0;1148195.0;228785.0;169399.0;4200728.0
NICOX;12.17;128215.0;26.0;152252.0;0.0;44.0;68313.0;-3618.0;15080.0
NICOX;12.18;113653.0;54.0;138590.0;0.0;616.0;71666.0;-18391.0;4717.0
NICOX;12.19;109297.0;10168.0;142806.0;0.0;1069.0;73790.0;-18922.0;6855.0
NOKIA;12.17;16218000.0;3457000.0;41024000.0;2646000.0;6880000.0;5824000.0;-1458000.0;23147000.0
NOKIA;12.18;15371000.0;2828000.0;39517000.0;3168000.0;6731000.0;5143000.0;-335000.0;22563000.0
NOKIA;12.19;15401000.0;4756000.0;39128000.0;2936000.0;6514000.0;4285000.0;11000.0;23315000.0
OENEO;12.17;215294.0;89821.0;421086.0;113835.0;56916.0;120243.0;26459.0;246581.0
OENEO;12.18;229738.0;67424.0;422072.0;105656.0;61316.0;124432.0;30584.0;248618.0
OENEO;12.19;256396.0;46417.0;437939.0;127829.0;74745.0;127155.0;27274.0;268166.0
ONXEO;12.17;49873.0;0.0;78073.0;30.0;552.0;27699.0;-59071.0;9505.0
ONXEO;12.18;45402.0;6594.0;63250.0;47.0;1479.0;18677.0;-9399.0;9127.0
ONXEO;12.19;17197.0;7412.0;37629.0;64.0;3353.0;5408.0;-33728.0;4289.0
ORANGE;12.17;32942000.0;26293000.0;94714000.0;827000.0;5175000.0;41004000.0;2143000.0;41096000.0
ORANGE;12.18;33249000.0;26749000.0;96592000.0;965000.0;5295000.0;41766000.0;2158000.0;41381000.0
ORANGE;12.19;34416000.0;38373000.0;106303000.0;906000.0;5320000.0;43160000.0;3226000.0;42238000.0
ORPEA;12.17;2715379.0;4621575.0;9695482.0;8671.0;203964.0;7123640.0;89803.0;3138234.0
ORPEA;12.18;2970675.0;5104441.0;11144573.0;9697.0;229964.0;7969963.0;221075.0;3419764.0
ORPEA;12.19;3011123.0;8120736.0;14539021.0;12513.0;263482.0;8485738.0;232768.0;3740215.0
PERNOD RICARD;06.17;13886000.0;7380000.0;30088000.0;5305000.0;1134000.0;14091000.0;1421000.0;9010000.0
PERNOD RICARD;06.18;14978000.0;7240000.0;29558000.0;5471000.0;1122000.0;13963000.0;1603000.0;8987000.0
PERNOD RICARD;06.19;16182000.0;6434000.0;31045000.0;5756000.0;1226000.0;14232000.0;1482000.0;9182000.0
PEUGEOT INVEST;06.17;3069149.0;575983.0;3735612.0;5305000.0;295.0;16246.0;149650.0;0.0
PEUGEOT INVEST;06.18;3508981.0;810874.0;4424004.0;5471000.0;779.0;17325.0;221609.0;4313.0
PEUGEOT INVEST;06.19;3569407.0;927293.0;4627972.0;5756000.0;510.0;17860.0;114534.0;3708.0
PHARMAGEST INTERACT;06.17;103652.0;3443.0;150697.0;2569.0;20247.0;19954.0;21464.0;128381.0
PHARMAGEST INTERACT;06.18;115827.0;14197.0;174526.0;2781.0;22937.0;24871.0;24251.0;146806.0
PHARMAGEST INTERACT;06.19;117051.0;36948.0;223808.0;5108.0;31962.0;32693.0;27038.0;148480.0
PIERRE ET VACANCES;06.17;326878.0;277188.0;1488349.0;185880.0;268229.0;379833.0;-56702.0;1425309.0
PIERRE ET VACANCES;06.18;287005.0;335355.0;1489973.0;181542.0;236247.0;403294.0;-45946.0;1434725.0
PIERRE ET VACANCES;06.19;251447.0;330075.0;1517556.0;177701.0;252358.0;419034.0;-33024.0;1594967.0
PLAST V DE LOIR;06.17;169255.0;40238.0;356891.0;43275.0;84666.0;139838.0;702.0;394709.0
PLAST V DE LOIR;06.18;177317.0;43219.0;369075.0;43886.0;93263.0;138854.0;15912.0;418859.0
PLAST V DE LOIR;06.19;185520.0;95994.0;495015.0;57785.0;128815.0;174025.0;21919.0;478482.0
PLASTIC OMNIUM;06.17;1754234.0;1323771.0;5761447.0;414013.0;982891.0;1908322.0;430487.0;6768477.0
PLASTIC OMNIUM;06.18;2181999.0;1635811.0;6779396.0;737109.0;837804.0;2381178.0;542777.0;7244636.0
PLASTIC OMNIUM;06.19;2343593.0;1334713.0;7174078.0;735846.0;831899.0;2683664.0;275970.0;8493550.0
PLASTiVALOIRE;06.17;249956.0;87052.0;571982.0;62967.0;167929.0;213657.0;46936.0;627267.0
PLASTiVALOIRE;06.18;280392.0;91780.0;626280.0;68314.0;190488.0;236222.0;43697.0;658919.0
PLASTiVALOIRE;06.19;298827.0;190666.0;759340.0;70994.0;208157.0;343285.0;27833.0;728411.0
PROLOGUE;06.17;28985.0;5131.0;73252.0;409.0;16649.0;9759.0;-6322.0;77041.0
PROLOGUE;06.18;32486.0;3448.0;78209.0;266.0;14412.0;9869.0;1569.0;85983.0
PROLOGUE;06.19;31232.0;16189.0;87276.0;363.0;13722.0;21841.0;-2154.0;87386.0
PSB INDUSTRIES;06.17;136080.0;88122.0;340067.0;56150.0;58536.0;126655.0;10208.0;378445.0
PSB INDUSTRIES;06.18;159701.0;36467.0;302563.0;44083.0;48740.0;76725.0;77964.0;275956.0
PSB INDUSTRIES;06.19;152468.0;39029.0;274745.0;47363.0;46269.0;85986.0;11916.0;266194.0
PUBLICIS GROUPE;06.17;5958000.0;2780000.0;23780000.0;385000.0;9750000.0;1714000.0;872000.0;10246000.0
PUBLICIS GROUPE;06.18;6853000.0;4073000.0;27080000.0;367000.0;9989000.0;1736000.0;930000.0;9951000.0
PUBLICIS GROUPE;06.19;7392000.0;6482000.0;32659000.0;411000.0;11233000.0;2698000.0;844000.0;11001000.0
QUADIENT;06.17;1169200.0;845800.0;2782500.0;65600.0;243500.0;230200.0;132700.0;1111700.0
QUADIENT;06.18;1247400.0;673800.0;2832900.0;71200.0;229800.0;183300.0;91600.0;1091900.0
QUADIENT;06.19;1248600.0;1055300.0;3115300.0;76900.0;233200.0;176600.0;15300.0;1142700.0
RALLYE;06.17;11229000.0;9543000.0;39776000.0;4015000.0;955000.0;10265000.0;169000.0;38302000.0
RALLYE;06.18;10187000.0;9474000.0;39169000.0;3981000.0;924000.0;8835000.0;-8000.0;37495000.0
RALLYE;06.19;6292000.0;12246000.0;36341000.0;3782000.0;836000.0;7411000.0;-1504000.0;34652000.0
RAMSAY GENERALE;06.17;502000.0;1102200.0;2345700.0;62300.0;158300.0;901000.0;64900.0;2234400.0
RAMSAY GENERALE;06.18;511000.0;1198000.0;2502000.0;67800.0;157600.0;893000.0;15100.0;2241500.0
RAMSAY GENERALE;06.19;1038500.0;1959300.0;4361200.0;98900.0;361000.0;1370600.0;15300.0;3401100.0
RECYLEX;06.17;-30996.0;9735.0;147915.0;36033.0;25059.0;45250.0;-10079.0;382064.0
RECYLEX;06.18;-4171.0;42214.0;199987.0;47437.0;31165.0;76992.0;17989.0;450295.0
RECYLEX;06.19;-79673.0;16000.0;146915.0;42256.0;21107.0;50624.0;-78713.0;364575.0
REMY COINTREAU;06.17;1304000.0;392500.0;2441500.0;1145400.0;155200.0;711500.0;190200.0;1094900.0
REMY COINTREAU;06.18;1408200.0;397100.0;2541600.0;1170300.0;141800.0;706700.0;148000.0;1127000.0
REMY COINTREAU;06.19;1426100.0;423800.0;2624600.0;1245500.0;192200.0;763600.0;159000.0;1125900.0
RENAULT;06.17;33442000.0;5401000.0;109943000.0;6328000.0;41087000.0;15159000.0;5210000.0;58770000.0
RENAULT;06.18;36145000.0;6209000.0;114996000.0;5879000.0;43466000.0;16318000.0;3451000.0;57419000.0
RENAULT;06.19;35331000.0;8794000.0;122171000.0;5780000.0;46632000.0;19162000.0;19000.0;55537000.0
REXEL;06.17;4163600.0;2450500.0;10098700.0;1543700.0;2077000.0;1321700.0;104900.0;13310100.0
REXEL;06.18;4232200.0;1936100.0;10205300.0;1674200.0;2091500.0;1319900.0;152300.0;13365700.0
REXEL;06.19;4235300.0;2579600.0;11074800.0;1696900.0;2059300.0;1300900.0;203800.0;13742300.0
RHODIA;06.17;-628000.0;2022000.0;5153000.0;620000.0;0.0;1938000.0;66000.0;4810000.0
RHODIA;06.18;-368000.0;1675000.0;4478000.0;583000.0;735000.0;1869000.0;131000.0;5081000.0
RHODIA;06.19;-356000.0;1612000.0;4324000.0;666000.0;591000.0;1682000.0;107000.0;4763000.0
RIO TINTO ORD;06.17;41856591.0;15990261.0;81702272.0;2688231.0;2089626.0;46941988.0;4371465.0;30919692.0
RIO TINTO ORD;06.18;48516458.0;14377919.0;90859562.0;3295493.0;2196363.0;50992824.0;8401040.0;37994988.0
RIO TINTO ORD;06.19;41593341.0;10724960.0;75926235.0;2877632.0;1809059.0;40135742.0;11624898.0;33828661.0
ROTHSCHILD & CO;06.17;2451929.0;15990261.0;12115739.0;2688231.0;2089626.0;46941988.0;314919.0;30919692.0
ROTHSCHILD & CO;06.18;2494984.0;14377919.0;13210924.0;3295493.0;2196363.0;50992824.0;453805.0;37994988.0
ROTHSCHILD & CO;06.19;2684472.0;10724960.0;14156535.0;2877632.0;1809059.0;40135742.0;396463.0;33828661.0
RUBIS;06.17;2078430.0;1234252.0;4412197.0;286314.0;381454.0;1516514.0;282838.0;3932652.0
RUBIS;06.18;2334017.0;1107997.0;4651828.0;347086.0;411579.0;1622455.0;270780.0;4753724.0
RUBIS;06.19;2593627.0;1278512.0;5747086.0;526628.0;461692.0;1281997.0;326262.0;5228487.0
RUE DU COMMERCE;06.17;32961.0;0.0;74956.0;28777.0;17739.0;2249.0;403.0;352635.0
RUE DU COMMERCE;06.18;34024.0;0.0;68777.0;20892.0;17614.0;1520.0;1157.0;312445.0
RUE DU COMMERCE;06.19;34087.0;0.0;71748.0;24965.0;15503.0;1094.0;-975.0;290893.0
SAFRAN;06.17;10624000.0;3815000.0;32247000.0;4496000.0;5305000.0;8759000.0;4852000.0;16940000.0
SAFRAN;06.18;12301000.0;3969000.0;40620000.0;5558000.0;5368000.0;14211000.0;1341000.0;21025000.0
SAFRAN;06.19;0.0;0.0;0.0;0.0;0.0;0.0;0.0;0.0
SAINT-GOBAIN;06.17;18852000.0;7655000.0;42917000.0;6041000.0;5134000.0;14193000.0;1625000.0;40810000.0
SAINT-GOBAIN;06.18;18262000.0;9218000.0;44042000.0;6252000.0;4968000.0;13861000.0;497000.0;41774000.0
SAINT-GOBAIN;06.19;19780000.0;12838000.0;49983000.0;6200000.0;4813000.0;14416000.0;1454000.0;42573000.0
SANOFI;06.17;58258000.0;14326000.0;99826000.0;6816000.0;7216000.0;22659000.0;8555000.0;35055000.0
SANOFI;06.18;59035000.0;22007000.0;111408000.0;7477000.0;7260000.0;31540000.0;4410000.0;34463000.0
SANOFI;06.19;59108000.0;21118000.0;112736000.0;7994000.0;7937000.0;26289000.0;2837000.0;36126000.0
SARTORIUS BIOTECH;12.12;434723.0;35636.0;793866.0;80242.0;92202.0;277566.0;57886.0;543964.0
SARTORIUS BIOTECH;12.13;481838.0;137207.0;871226.0;90492.0;107555.0;298448.0;67474.0;588378.0
SARTORIUS BIOTECH;12.14;538512.0;32650.0;906758.0;108392.0;124787.0;304120.0;73734.0;683524.0
SARTORIUS STEDIM BIOTECH;12.12;879454.0;62079.0;1403905.0;185604.0;211616.0;504200.0;163763.0;1081033.0
SARTORIUS STEDIM BIOTECH;12.13;1044874.0;58101.0;1571461.0;252002.0;220231.0;613472.0;209959.0;1212152.0
SARTORIUS STEDIM BIOTECH;12.14;1177629.0;80698.0;1820421.0;328164.0;220831.0;673860.0;236182.0;1440570.0
SAVENCIA;12.12;1378424.0;278629.0;3477682.0;494107.0;728970.0;1119729.0;96459.0;4852816.0
SAVENCIA;12.13;1396319.0;342902.0;3658798.0;517480.0;694239.0;1190165.0;57302.0;4862625.0
SAVENCIA;12.14;1464337.0;366277.0;3925073.0;565746.0;721020.0;1264953.0;75012.0;5007294.0
SCHLUMBERGER;12.12;35366757.0;278629.0;3477682.0;494107.0;728970.0;1119729.0;-1436083.0;28892517.0
SCHLUMBERGER;12.13;30542801.0;342902.0;3658798.0;517480.0;694239.0;1190165.0;1817408.0;27394687.0
SCHLUMBERGER;12.14;21136747.0;366277.0;3925073.0;565746.0;721020.0;1264953.0;-8836412.0;28778884.0
SCHNEIDER ELECTRIC;12.12;19942000.0;5650000.0;39849000.0;2844000.0;5763000.0;6825000.0;2210000.0;24743000.0
SCHNEIDER ELECTRIC;12.13;22264000.0;5923000.0;42259000.0;3091000.0;5804000.0;7395000.0;2431000.0;25720000.0
SCHNEIDER ELECTRIC;12.14;23140000.0;6405000.0;45003000.0;2841000.0;5953000.0;8327000.0;2523000.0;27158000.0
SCOR;12.12;6225000.0;5650000.0;43234000.0;2844000.0;5763000.0;6825000.0;285000.0;24743000.0
SCOR;12.13;5828000.0;5923000.0;44383000.0;3091000.0;5804000.0;7395000.0;322000.0;25720000.0
SCOR;12.14;6374000.0;6405000.0;46878000.0;2841000.0;5953000.0;8327000.0;422000.0;27158000.0
SEB;12.12;1964300.0;2067300.0;6687200.0;1112100.0;1015800.0;1991000.0;408600.0;6484600.0
SEB;12.13;2306600.0;1857900.0;7076500.0;1180500.0;1087200.0;2022700.0;462500.0;6812200.0
SEB;12.14;2627500.0;2301800.0;7815400.0;1189100.0;1159700.0;2509900.0;428300.0;7353900.0
SECHE ENVIRON;12.12;247202.0;365167.0;877262.0;12195.0;136533.0;286258.0;15497.0;534464.0
SECHE ENVIRON;12.13;254769.0;380599.0;918083.0;12920.0;157184.0;296108.0;16230.0;585308.0
SECHE ENVIRON;12.14;263472.0;485238.0;1117878.0;14553.0;179480.0;353578.0;18888.0;704419.0
SELOGER.COM;12.12;130484.0;67515.0;263217.0;84.0;9495.0;91869.0;640.0;40133.0
SELOGER.COM;12.13;144121.0;53358.0;264042.0;15.0;12310.0;87638.0;13503.0;57219.0
SELOGER.COM;12.14;161500.0;38751.0;266369.0;46.0;16306.0;83316.0;17014.0;71667.0
SEQUANA REGPT;12.12;588000.0;257000.0;2117000.0;355000.0;468000.0;295000.0;117000.0;3369000.0
SEQUANA REGPT;12.13;468000.0;249000.0;1928000.0;337000.0;481000.0;221000.0;-67000.0;3300000.0
SEQUANA REGPT;12.14;390000.0;282000.0;1734000.0;305000.0;445000.0;183000.0;-52000.0;2975000.0
SES;12.12;6112500.0;3413800.0;12184400.0;30100.0;440700.0;8458600.0;597900.0;2035000.0
SES;12.13;6250600.0;3937100.0;12859300.0;35100.0;443100.0;8450600.0;286700.0;2010300.0
SES;12.14;6256500.0;3766900.0;13233200.0;30500.0;431500.0;8530500.0;276000.0;1983900.0
SES IMAGOTAG;12.12;128908.0;51870.0;271467.0;65266.0;42503.0;55774.0;-21069.0;153000.0
SES IMAGOTAG;12.13;147975.0;46948.0;316001.0;81881.0;72254.0;56981.0;-5900.0;187855.0
SES IMAGOTAG;12.14;171054.0;67410.0;395459.0;68075.0;82839.0;87208.0;-13139.0;247585.0
SILIC;12.12;689874.0;1258984.0;2037289.0;65266.0;13675.0;185830.0;44749.0;153000.0
SILIC;12.13;649758.0;1426164.0;2190188.0;81881.0;16844.0;168611.0;49460.0;187855.0
SILIC;12.14;554525.0;1162360.0;2181110.0;68075.0;22719.0;41602.0;42596.0;247585.0
SIPH;12.12;157496.0;57606.0;313390.0;50683.0;19621.0;167660.0;-3769.0;246984.0
SIPH;12.13;192224.0;61049.0;363546.0;60045.0;30441.0;210395.0;9721.0;267900.0
SIPH;12.14;229096.0;47230.0;370281.0;57309.0;26841.0;211935.0;36429.0;352011.0
SOCIETE GENERALE;12.12;64037000.0;57606.0;1275128000.0;50683.0;19621.0;167660.0;3430000.0;246984.0
SOCIETE GENERALE;12.13;65809000.0;61049.0;1309428000.0;60045.0;30441.0;210395.0;4556000.0;267900.0
SOCIETE GENERALE;12.14;68570000.0;47230.0;1356303000.0;57309.0;26841.0;211935.0;3946000.0;352011.0
SODEXO;12.12;3570000.0;3011000.0;14874000.0;257000.0;3486000.0;1101000.0;745000.0;20698000.0
SODEXO;12.13;3328000.0;3537000.0;15280000.0;280000.0;3505000.0;1323000.0;664000.0;20407000.0
SODEXO;12.14;4498000.0;3902000.0;17467000.0;294000.0;3810000.0;1485000.0;686000.0;21954000.0
SOITEC;12.12;149115.0;102970.0;389601.0;33642.0;39975.0;117484.0;8375.0;245710.0
SOITEC;12.13;278576.0;59615.0;479704.0;39952.0;56823.0;141120.0;86514.0;310631.0
SOITEC;12.14;398317.0;191453.0;822539.0;72333.0;139344.0;283601.0;90187.0;443946.0
SOLOCAL GROUP;12.12;-505836.0;408170.0;724208.0;0.0;304070.0;144324.0;335522.0;764941.0
SOLOCAL GROUP;12.13;-678673.0;402235.0;671081.0;0.0;234559.0;125753.0;-81184.0;670410.0
SOLOCAL GROUP;12.14;-638886.0;526938.0;516867.0;0.0;90223.0;180738.0;32111.0;584116.0
SOLOCAL GROUP;12.12;-2120918.0;1981520.0;883101.0;1600.0;439312.0;94661.0;197058.0;1101636.0
SOLOCAL GROUP;12.13;-2006763.0;1665060.0;866165.0;2367.0;498772.0;94868.0;158549.0;1066212.0
SOLOCAL GROUP;12.14;-1866717.0;1516223.0;800029.0;915.0;469093.0;104342.0;114827.0;998867.0
SOLUTIONS 30;12.12;66467.0;1981520.0;883101.0;1600.0;439312.0;94661.0;12051.0;274531.0
SOLUTIONS 30;12.13;91583.0;1665060.0;866165.0;2367.0;498772.0;94868.0;18970.0;441815.0
SOLUTIONS 30;12.14;138347.0;1516223.0;800029.0;915.0;469093.0;104342.0;39235.0;682205.0
SOPRA STERIA;12.12;1240000.0;398900.0;3803800.0;3200.0;1137800.0;319200.0;173200.0;3845400.0
SOPRA STERIA;12.13;1329200.0;338300.0;3987700.0;20100.0;1091000.0;398200.0;128700.0;4095300.0
SOPRA STERIA;12.14;1422200.0;751600.0;4546200.0;30400.0;1074300.0;416400.0;173100.0;4434000.0
SPIE;12.12;1442348.0;1729928.0;7757224.0;37281.0;1850370.0;1256034.0;111472.0;6127993.0
SPIE;12.13;1476005.0;1796406.0;7790367.0;43149.0;1877875.0;1202389.0;91410.0;6693693.0
SPIE;12.14;1453620.0;2036151.0;8294668.0;41188.0;1916910.0;1172561.0;152049.0;6953356.0
SQLI;12.12;78539.0;42276.0;234930.0;0.0;59610.0;9636.0;1974.0;211960.0
SQLI;12.13;86229.0;66027.0;273280.0;0.0;54029.0;12769.0;3062.0;231981.0
SQLI;12.14;94715.0;57608.0;265380.0;0.0;75239.0;12886.0;4674.0;238736.0
STALLERGENES;12.12;159512.0;5389.0;257430.0;25991.0;25160.0;78478.0;36966.0;234969.0
STALLERGENES;12.13;188826.0;3709.0;280349.0;28232.0;31271.0;76502.0;37392.0;239842.0
STALLERGENES;12.14;228926.0;0.0;300131.0;32210.0;30463.0;71292.0;40365.0;244520.0
STEF;12.12;628451.0;246270.0;2037807.0;58187.0;475305.0;1079210.0;93899.0;2975650.0
STEF;12.13;695034.0;402217.0;2323756.0;62939.0;508154.0;1268447.0;94550.0;3255100.0
STEF;12.14;760744.0;485073.0;2545410.0;74250.0;533150.0;1465873.0;100161.0;3441023.0
STELLANTIS;12.17;20987000.0;10726000.0;96299000.0;12737000.0;5406000.0;43550000.0;3510000.0;110934000.0
STELLANTIS;12.18;24903000.0;8667000.0;96873000.0;10559000.0;5352000.0;41192000.0;3632000.0;110412000.0
STELLANTIS;12.19;28675000.0;8025000.0;98044000.0;9528000.0;4919000.0;44247000.0;6630000.0;108187000.0
STENTYS;12.17;17892.0;887.0;26065.0;2455.0;2238.0;2543.0;-8359.0;7318.0
STENTYS;12.18;12158.0;168.0;18010.0;2220.0;3443.0;1731.0;-5870.0;7036.0
STENTYS;12.19;18370.0;0.0;25700.0;2711.0;4262.0;3740.0;-5398.0;8873.0
STMICROELECTRONICS;12.17;5189073.0;1502525.0;9188845.0;1267132.0;1090588.0;3135085.0;768822.0;7885645.0
STMICROELECTRONICS;12.18;5362897.0;1472626.0;9072012.0;1303992.0;1066068.0;3094685.0;1079425.0;8024310.0
STMICROELECTRONICS;12.19;6217050.0;1660270.0;10376031.0;1478418.0;1206515.0;3584574.0;339223.0;8331075.0
SUEZ;12.17;9066000.0;9760600.0;32370300.0;471000.0;4689700.0;12629400.0;520200.0;15871300.0
SUEZ;12.18;8992600.0;9803200.0;33552900.0;499500.0;5211200.0;13756500.0;565800.0;17331100.0
SUEZ;12.19;9233500.0;11054500.0;35634100.0;528000.0;5404700.0;13726700.0;609200.0;18015300.0
SWORD GROUP;12.17;143332.0;17000.0;224238.0;0.0;32037.0;19195.0;11238.0;173489.0
SWORD GROUP;12.18;147368.0;20087.0;268115.0;23655.0;33496.0;10532.0;86405.0;171412.0
SWORD GROUP;12.19;150009.0;13006.0;257115.0;28774.0;37130.0;16781.0;13549.0;213182.0
SYNERGIE;12.17;435712.0;30450.0;950358.0;0.0;525410.0;72864.0;81511.0;2323252.0
SYNERGIE;12.18;501765.0;34054.0;1038980.0;0.0;558529.0;113270.0;82482.0;2551095.0
SYNERGIE;12.19;544672.0;68961.0;1160940.0;0.0;565974.0;159220.0;63360.0;2642339.0
TECHNIP;12.17;4014400.0;1705700.0;11581000.0;296800.0;1273500.0;2488500.0;543100.0;8203900.0
TECHNIP;12.18;4174100.0;2403400.0;13251000.0;276300.0;2150200.0;2726000.0;570000.0;9336100.0
TECHNIP;12.19;4375200.0;2356600.0;13419800.0;355700.0;2475000.0;2608600.0;442400.0;10073900.0
TECHNIPFMC;12.17;12554102.0;2521071.0;26952523.0;937393.0;3075193.0;5130035.0;-42143.0;14291450.0
TECHNIPFMC;12.18;8708530.0;2125457.0;21015478.0;1049371.0;3141269.0;3962733.0;-1457265.0;10518675.0
TECHNIPFMC;12.19;6718454.0;2356114.0;20611476.0;1244896.0;1994597.0;4464893.0;-2142788.0;11738344.0
TELEPERFORMANCE;12.17;1922000.0;1387000.0;4490000.0;0.0;896000.0;1369000.0;314000.0;4180000.0
TELEPERFORMANCE;12.18;2225000.0;2224000.0;5888000.0;0.0;1048000.0;1728000.0;313000.0;4441000.0
TELEPERFORMANCE;12.19;2569000.0;2647000.0;6890000.0;0.0;1223000.0;1720000.0;400000.0;5355000.0
TERREIS;12.17;216278.0;673649.0;1073361.0;0.0;7571.0;5851.0;16717.0;4180000.0
TERREIS;12.18;223125.0;701651.0;1099820.0;0.0;22921.0;5253.0;23240.0;4441000.0
TERREIS;12.19;251042.0;708846.0;1098773.0;0.0;23640.0;136.0;31841.0;5355000.0
TF1;12.17;1581800.0;232600.0;3390300.0;615900.0;656200.0;411800.0;136600.0;2124900.0
TF1;12.18;1578600.0;126900.0;3157100.0;520900.0;674200.0;478800.0;128500.0;2288300.0
TF1;12.19;1564100.0;279500.0;3344100.0;521400.0;695700.0;518700.0;155200.0;2337300.0
TFF GROUP;12.17;304721.0;30070.0;465156.0;189718.0;45848.0;62565.0;32448.0;227880.0
TFF GROUP;12.18;318206.0;5863.0;480321.0;198886.0;41594.0;67765.0;30555.0;245182.0
TFF GROUP;12.19;346531.0;54259.0;555199.0;229990.0;51764.0;98431.0;31024.0;271647.0
THALES;12.17;5138500.0;953500.0;23449700.0;3158900.0;5033700.0;2703400.0;737400.0;15227500.0
THALES;12.18;5924500.0;2408500.0;25505800.0;3080600.0;5589100.0;2578200.0;1027900.0;15854700.0
THALES;12.19;5682100.0;4306400.0;31223400.0;3731300.0;6592400.0;4989900.0;1146400.0;18401000.0
TOTAL;12.17;108239683.0;39238392.0;230296329.0;15680170.0;14135882.0;117050761.0;7877102.0;162774783.0
TOTAL;12.18;98604177.0;33500576.0;214350592.0;12422153.0;14417378.0;111926269.0;9642195.0;174780859.0
TOTAL;12.19;104306735.0;40286241.0;238937217.0;14978274.0;16163806.0;41916785.0;10000087.0;175133547.0
TOUR EIFFEL;12.17;495170.0;420271.0;1005888.0;15680170.0;25358.0;910.0;17277.0;162774783.0
TOUR EIFFEL;12.18;656129.0;876425.0;1674016.0;12422153.0;30919.0;1248.0;-14744.0;174780859.0
TOUR EIFFEL;12.19;639679.0;957307.0;1722021.0;14978274.0;42953.0;1112.0;1406.0;175133547.0
TRANSGENE;12.17;28089.0;51717.0;100873.0;270.0;2564.0;13854.0;-32274.0;7457.0
TRANSGENE;12.18;36701.0;48369.0;108543.0;443.0;784.0;13397.0;8026.0;7084.0
TRANSGENE;12.19;65697.0;26703.0;115477.0;0.0;2324.0;13280.0;-18804.0;13296.0
TRIGANO;12.17;591769.0;49400.0;1064817.0;322404.0;149418.0;185761.0;126940.0;1706968.0
TRIGANO;12.18;771301.0;231005.0;1588233.0;430718.0;231463.0;297346.0;187199.0;2314746.0
TRIGANO;12.19;893420.0;178442.0;1618367.0;453370.0;212984.0;313973.0;167516.0;2328155.0
UBISOFT ENTERTAIN.;12.17;1133816.0;641962.0;2581995.0;25359.0;405557.0;842840.0;107813.0;1459874.0
UBISOFT ENTERTAIN.;12.18;889330.0;933629.0;2805122.0;20264.0;435573.0;896518.0;139452.0;1731894.0
UBISOFT ENTERTAIN.;12.19;920018.0;890366.0;3288759.0;31880.0;476641.0;1042883.0;99985.0;1845522.0
VALEO;12.17;5106000.0;3244000.0;17561000.0;1706000.0;2906000.0;6152000.0;956000.0;18484000.0
VALEO;12.18;5378000.0;3483000.0;18472000.0;1906000.0;2781000.0;7040000.0;642000.0;19124000.0
VALEO;12.19;5464000.0;4417000.0;18913000.0;1896000.0;2821000.0;8040000.0;394000.0;19477000.0
VALLOUREC;12.17;2956277.0;1817119.0;6886383.0;1003833.0;567923.0;3137078.0;-559729.0;3749641.0
VALLOUREC;12.18;2293168.0;1796637.0;6413045.0;1135017.0;598558.0;2821527.0;-500367.0;3920677.0
VALLOUREC;12.19;2000605.0;1747061.0;7305436.0;987975.0;610788.0;2767970.0;-340103.0;4173047.0
VALNEVA;12.17;92669.0;54097.0;189343.0;19931.0;17622.0;86841.0;-11482.0;105291.0
VALNEVA;12.18;143186.0;40070.0;229907.0;22727.0;11259.0;82888.0;3264.0;113035.0
VALNEVA;12.19;135153.0;80909.0;264723.0;25772.0;24030.0;61816.0;-1744.0;126196.0
VALTECH;12.17;27329.0;9.0;69622.0;0.0;36256.0;3792.0;-2097.0;132480.0
VALTECH;12.18;28834.0;68.0;64668.0;0.0;29707.0;3677.0;1021.0;136084.0
VALTECH;12.19;57404.0;112.0;97056.0;0.0;37628.0;4599.0;1884.0;154054.0
VEOLIA;12.17;8656700.0;9465200.0;38309100.0;721600.0;6158700.0;11786800.0;539200.0;25124600.0
VEOLIA;12.18;7144300.0;9655500.0;37592800.0;818000.0;6336700.0;12440400.0;607100.0;25911100.0
VEOLIA;12.19;7078400.0;10784700.0;41019000.0;792000.0;7487200.0;12569800.0;760600.0;27188700.0
VERIMATRIX;12.17;63438.0;13807.0;100816.0;208.0;14741.0;9251.0;-1021.0;36843.0
VERIMATRIX;12.18;58812.0;12194.0;87256.0;28.0;8762.0;5911.0;2853.0;35129.0
VERIMATRIX;12.19;136753.0;62566.0;241296.0;385.0;32113.0;20974.0;23828.0;85819.0
VICAT;12.17;2409562.0;928403.0;4453069.0;351303.0;408092.0;1955718.0;155851.0;2563464.0
VICAT;12.18;2492438.0;882344.0;4533891.0;385133.0;407085.0;1924356.0;160824.0;2582465.0
VICAT;12.19;2595935.0;1288167.0;5578068.0;401551.0;416568.0;2437893.0;159870.0;2739993.0
